"filename", "language", "C#", "XML", "HTML", "UnityAssemblyDefinition", "JSON", "UnityShader", "JavaScript", "YAML", "CSS", "Markdown", "comment", "blank", "total"
"d:\CNG491ERG\EndlessRunnerGame\.idea\.idea.EndlessRunnerGame\.idea\indexLayout.xml", "XML", 0, 8, 0, 0, 0, 0, 0, 0, 0, 0, 0, 0, 8
"d:\CNG491ERG\EndlessRunnerGame\.idea\.idea.EndlessRunnerGame\.idea\vcs.xml", "XML", 0, 6, 0, 0, 0, 0, 0, 0, 0, 0, 0, 0, 6
"d:\CNG491ERG\EndlessRunnerGame\Assets\BlackPeaStudios\ScriptDependencyVisualizer\Editor\Utilities\DependencyCore\DependencyAnalytics.cs", "C#", 119, 0, 0, 0, 0, 0, 0, 0, 0, 0, 0, 26, 145
"d:\CNG491ERG\EndlessRunnerGame\Assets\BlackPeaStudios\ScriptDependencyVisualizer\Editor\Utilities\DependencyCore\ScriptData.cs", "C#", 189, 0, 0, 0, 0, 0, 0, 0, 0, 0, 2, 34, 225
"d:\CNG491ERG\EndlessRunnerGame\Assets\BlackPeaStudios\ScriptDependencyVisualizer\Editor\Utilities\Layout\Edge.cs", "C#", 18, 0, 0, 0, 0, 0, 0, 0, 0, 0, 0, 5, 23
"d:\CNG491ERG\EndlessRunnerGame\Assets\BlackPeaStudios\ScriptDependencyVisualizer\Editor\Utilities\Layout\ForceLayoutGraph.cs", "C#", 84, 0, 0, 0, 0, 0, 0, 0, 0, 0, 0, 17, 101
"d:\CNG491ERG\EndlessRunnerGame\Assets\BlackPeaStudios\ScriptDependencyVisualizer\Editor\Utilities\Layout\Graph.cs", "C#", 34, 0, 0, 0, 0, 0, 0, 0, 0, 0, 0, 6, 40
"d:\CNG491ERG\EndlessRunnerGame\Assets\BlackPeaStudios\ScriptDependencyVisualizer\Editor\Utilities\Layout\Node.cs", "C#", 38, 0, 0, 0, 0, 0, 0, 0, 0, 0, 0, 7, 45
"d:\CNG491ERG\EndlessRunnerGame\Assets\BlackPeaStudios\ScriptDependencyVisualizer\Editor\WindowScripts\ScriptDependencyWindow.cs", "C#", 387, 0, 0, 0, 0, 0, 0, 0, 0, 0, 4, 73, 464
"d:\CNG491ERG\EndlessRunnerGame\Assets\BlackPeaStudios\ScriptDependencyVisualizer\Editor\WindowScripts\Serializer.cs", "C#", 132, 0, 0, 0, 0, 0, 0, 0, 0, 0, 7, 38, 177
"d:\CNG491ERG\EndlessRunnerGame\Assets\BlackPeaStudios\ScriptDependencyVisualizer\Editor\WindowScripts\WindowUtilities.cs", "C#", 408, 0, 0, 0, 0, 0, 0, 0, 0, 0, 8, 106, 522
"d:\CNG491ERG\EndlessRunnerGame\Assets\DestroyOnAnimationComplete.cs", "C#", 8, 0, 0, 0, 0, 0, 0, 0, 0, 0, 1, 1, 10
"d:\CNG491ERG\EndlessRunnerGame\Assets\DialogWindow.cs", "C#", 19, 0, 0, 0, 0, 0, 0, 0, 0, 0, 0, 2, 21
"d:\CNG491ERG\EndlessRunnerGame\Assets\GoBackToMainMenu.cs", "C#", 13, 0, 0, 0, 0, 0, 0, 0, 0, 0, 0, 2, 15
"d:\CNG491ERG\EndlessRunnerGame\Assets\Leaderboard.cs", "C#", 76, 0, 0, 0, 0, 0, 0, 0, 0, 0, 2, 8, 86
"d:\CNG491ERG\EndlessRunnerGame\Assets\ML-Agents\Timers\BossMode_timers.json", "JSON", 0, 0, 0, 0, 1, 0, 0, 0, 0, 0, 0, 0, 1
"d:\CNG491ERG\EndlessRunnerGame\Assets\ML-Agents\Timers\GameScene_timers.json", "JSON", 0, 0, 0, 0, 1, 0, 0, 0, 0, 0, 0, 0, 1
"d:\CNG491ERG\EndlessRunnerGame\Assets\ML-Agents\Timers\InitTestScene638482843729007197_timers.json", "JSON", 0, 0, 0, 0, 1, 0, 0, 0, 0, 0, 0, 0, 1
"d:\CNG491ERG\EndlessRunnerGame\Assets\ML-Agents\Timers\InitTestScene638482844635009260_timers.json", "JSON", 0, 0, 0, 0, 1, 0, 0, 0, 0, 0, 0, 0, 1
"d:\CNG491ERG\EndlessRunnerGame\Assets\ML-Agents\Timers\InitTestScene638482848068427307_timers.json", "JSON", 0, 0, 0, 0, 1, 0, 0, 0, 0, 0, 0, 0, 1
"d:\CNG491ERG\EndlessRunnerGame\Assets\ML-Agents\Timers\InitTestScene638482848538494248_timers.json", "JSON", 0, 0, 0, 0, 1, 0, 0, 0, 0, 0, 0, 0, 1
"d:\CNG491ERG\EndlessRunnerGame\Assets\ML-Agents\Timers\InitTestScene638482849104412390_timers.json", "JSON", 0, 0, 0, 0, 1, 0, 0, 0, 0, 0, 0, 0, 1
"d:\CNG491ERG\EndlessRunnerGame\Assets\ML-Agents\Timers\InitTestScene638482850557399440_timers.json", "JSON", 0, 0, 0, 0, 1, 0, 0, 0, 0, 0, 0, 0, 1
"d:\CNG491ERG\EndlessRunnerGame\Assets\ML-Agents\Timers\InitTestScene638482853138672285_timers.json", "JSON", 0, 0, 0, 0, 1, 0, 0, 0, 0, 0, 0, 0, 1
"d:\CNG491ERG\EndlessRunnerGame\Assets\ML-Agents\Timers\InitTestScene638485027970455592_timers.json", "JSON", 0, 0, 0, 0, 1, 0, 0, 0, 0, 0, 0, 0, 1
"d:\CNG491ERG\EndlessRunnerGame\Assets\ML-Agents\Timers\InitTestScene638485030476244930_timers.json", "JSON", 0, 0, 0, 0, 1, 0, 0, 0, 0, 0, 0, 0, 1
"d:\CNG491ERG\EndlessRunnerGame\Assets\ML-Agents\Timers\Main Menu_timers.json", "JSON", 0, 0, 0, 0, 1, 0, 0, 0, 0, 0, 0, 0, 1
"d:\CNG491ERG\EndlessRunnerGame\Assets\ML-Agents\Timers\Parkour_timers.json", "JSON", 0, 0, 0, 0, 1, 0, 0, 0, 0, 0, 0, 0, 1
"d:\CNG491ERG\EndlessRunnerGame\Assets\ML-Agents\Timers\ReplayScene_timers.json", "JSON", 0, 0, 0, 0, 1, 0, 0, 0, 0, 0, 0, 0, 1
"d:\CNG491ERG\EndlessRunnerGame\Assets\ML-Agents\Timers\SampleScene_timers.json", "JSON", 0, 0, 0, 0, 1, 0, 0, 0, 0, 0, 0, 0, 1
"d:\CNG491ERG\EndlessRunnerGame\Assets\ML-Agents\Timers\TestingScene_BossAndPlayerAgent_timers.json", "JSON", 0, 0, 0, 0, 1, 0, 0, 0, 0, 0, 0, 0, 1
"d:\CNG491ERG\EndlessRunnerGame\Assets\ML-Agents\Timers\TrainingScene_BossAgentOnly_timers.json", "JSON", 0, 0, 0, 0, 1, 0, 0, 0, 0, 0, 0, 0, 1
"d:\CNG491ERG\EndlessRunnerGame\Assets\ML-Agents\Timers\TrainingScene_BossAndPlayerAgent_timers.json", "JSON", 0, 0, 0, 0, 1, 0, 0, 0, 0, 0, 0, 0, 1
"d:\CNG491ERG\EndlessRunnerGame\Assets\ML-Agents\Timers\TrainingScene_timers.json", "JSON", 0, 0, 0, 0, 1, 0, 0, 0, 0, 0, 0, 0, 1
"d:\CNG491ERG\EndlessRunnerGame\Assets\Plugins\Demigiant\DOTween\Modules\DOTweenModuleAudio.cs", "C#", 94, 0, 0, 0, 0, 0, 0, 0, 0, 0, 80, 25, 199
"d:\CNG491ERG\EndlessRunnerGame\Assets\Plugins\Demigiant\DOTween\Modules\DOTweenModuleEPOOutline.cs", "C#", 109, 0, 0, 0, 0, 0, 0, 0, 0, 0, 18, 20, 147
"d:\CNG491ERG\EndlessRunnerGame\Assets\Plugins\Demigiant\DOTween\Modules\DOTweenModulePhysics.cs", "C#", 137, 0, 0, 0, 0, 0, 0, 0, 0, 0, 60, 20, 217
"d:\CNG491ERG\EndlessRunnerGame\Assets\Plugins\Demigiant\DOTween\Modules\DOTweenModulePhysics2D.cs", "C#", 125, 0, 0, 0, 0, 0, 0, 0, 0, 0, 51, 18, 194
"d:\CNG491ERG\EndlessRunnerGame\Assets\Plugins\Demigiant\DOTween\Modules\DOTweenModuleSprite.cs", "C#", 63, 0, 0, 0, 0, 0, 0, 0, 0, 0, 17, 14, 94
"d:\CNG491ERG\EndlessRunnerGame\Assets\Plugins\Demigiant\DOTween\Modules\DOTweenModuleUI.cs", "C#", 390, 0, 0, 0, 0, 0, 0, 0, 0, 0, 203, 70, 663
"d:\CNG491ERG\EndlessRunnerGame\Assets\Plugins\Demigiant\DOTween\Modules\DOTweenModuleUnityVersion.cs", "C#", 254, 0, 0, 0, 0, 0, 0, 0, 0, 0, 99, 37, 390
"d:\CNG491ERG\EndlessRunnerGame\Assets\Plugins\Demigiant\DOTween\Modules\DOTweenModuleUtils.cs", "C#", 123, 0, 0, 0, 0, 0, 0, 0, 0, 0, 27, 18, 168
"d:\CNG491ERG\EndlessRunnerGame\Assets\RetryMode.cs", "C#", 13, 0, 0, 0, 0, 0, 0, 0, 0, 0, 0, 2, 15
"d:\CNG491ERG\EndlessRunnerGame\Assets\Scripts\API\.idea\.idea.API.dir\.idea\indexLayout.xml", "XML", 0, 8, 0, 0, 0, 0, 0, 0, 0, 0, 0, 0, 8
"d:\CNG491ERG\EndlessRunnerGame\Assets\Scripts\API\.idea\.idea.API.dir\.idea\inspectionProfiles\Project_Default.xml", "XML", 0, 6, 0, 0, 0, 0, 0, 0, 0, 0, 0, 0, 6
"d:\CNG491ERG\EndlessRunnerGame\Assets\Scripts\API\.idea\.idea.API.dir\.idea\vcs.xml", "XML", 0, 6, 0, 0, 0, 0, 0, 0, 0, 0, 0, 0, 6
"d:\CNG491ERG\EndlessRunnerGame\Assets\Scripts\API\AIBERG.API.asmdef", "UnityAssemblyDefinition", 0, 0, 0, 18, 0, 0, 0, 0, 0, 0, 0, 0, 18
"d:\CNG491ERG\EndlessRunnerGame\Assets\Scripts\API\InputRecorder.cs", "C#", 65, 0, 0, 0, 0, 0, 0, 0, 0, 0, 0, 10, 75
"d:\CNG491ERG\EndlessRunnerGame\Assets\Scripts\API\LoginController.cs", "C#", 69, 0, 0, 0, 0, 0, 0, 0, 0, 0, 5, 13, 87
"d:\CNG491ERG\EndlessRunnerGame\Assets\Scripts\API\RegisterController.cs", "C#", 55, 0, 0, 0, 0, 0, 0, 0, 0, 0, 5, 8, 68
"d:\CNG491ERG\EndlessRunnerGame\Assets\Scripts\API\StatCollector.cs", "C#", 92, 0, 0, 0, 0, 0, 0, 0, 0, 0, 5, 14, 111
"d:\CNG491ERG\EndlessRunnerGame\Assets\Scripts\API\UserInformation.cs", "C#", 53, 0, 0, 0, 0, 0, 0, 0, 0, 0, 1, 6, 60
"d:\CNG491ERG\EndlessRunnerGame\Assets\Scripts\BossAbilities\AIBERG.BossAbilities.asmdef", "UnityAssemblyDefinition", 0, 0, 0, 18, 0, 0, 0, 0, 0, 0, 0, 0, 18
"d:\CNG491ERG\EndlessRunnerGame\Assets\Scripts\BossAbilities\AttackDrone.cs", "C#", 92, 0, 0, 0, 0, 0, 0, 0, 0, 0, 0, 15, 107
"d:\CNG491ERG\EndlessRunnerGame\Assets\Scripts\BossAbilities\BasicAttack.cs", "C#", 59, 0, 0, 0, 0, 0, 0, 0, 0, 0, 1, 11, 71
"d:\CNG491ERG\EndlessRunnerGame\Assets\Scripts\BossAbilities\MoveDown.cs", "C#", 44, 0, 0, 0, 0, 0, 0, 0, 0, 0, 0, 8, 52
"d:\CNG491ERG\EndlessRunnerGame\Assets\Scripts\BossAbilities\MoveUp.cs", "C#", 45, 0, 0, 0, 0, 0, 0, 0, 0, 0, 0, 8, 53
"d:\CNG491ERG\EndlessRunnerGame\Assets\Scripts\BossAbilities\SpawnAttackDrones.cs", "C#", 100, 0, 0, 0, 0, 0, 0, 0, 0, 0, 0, 15, 115
"d:\CNG491ERG\EndlessRunnerGame\Assets\Scripts\BossMode\BossModeBaseState.cs", "C#", 7, 0, 0, 0, 0, 0, 0, 0, 0, 0, 0, 2, 9
"d:\CNG491ERG\EndlessRunnerGame\Assets\Scripts\BossMode\BossModeBossFightState.cs", "C#", 40, 0, 0, 0, 0, 0, 0, 0, 0, 0, 0, 6, 46
"d:\CNG491ERG\EndlessRunnerGame\Assets\Scripts\BossMode\BossModeDeathState.cs", "C#", 66, 0, 0, 0, 0, 0, 0, 0, 0, 0, 1, 6, 73
"d:\CNG491ERG\EndlessRunnerGame\Assets\Scripts\BossMode\BossModeGameOverState.cs", "C#", 73, 0, 0, 0, 0, 0, 0, 0, 0, 0, 1, 8, 82
"d:\CNG491ERG\EndlessRunnerGame\Assets\Scripts\BossMode\BossModeInitialState.cs", "C#", 55, 0, 0, 0, 0, 0, 0, 0, 0, 0, 0, 4, 59
"d:\CNG491ERG\EndlessRunnerGame\Assets\Scripts\BossMode\BossModeStateManager.cs", "C#", 39, 0, 0, 0, 0, 0, 0, 0, 0, 0, 0, 4, 43
"d:\CNG491ERG\EndlessRunnerGame\Assets\Scripts\Core\.idea\.idea.Core.dir\.idea\indexLayout.xml", "XML", 0, 8, 0, 0, 0, 0, 0, 0, 0, 0, 0, 0, 8
"d:\CNG491ERG\EndlessRunnerGame\Assets\Scripts\Core\.idea\.idea.Core.dir\.idea\projectSettingsUpdater.xml", "XML", 0, 6, 0, 0, 0, 0, 0, 0, 0, 0, 0, 0, 6
"d:\CNG491ERG\EndlessRunnerGame\Assets\Scripts\Core\.idea\.idea.Core.dir\.idea\vcs.xml", "XML", 0, 6, 0, 0, 0, 0, 0, 0, 0, 0, 0, 0, 6
"d:\CNG491ERG\EndlessRunnerGame\Assets\Scripts\Core\.idea\.idea.Core.dir\.idea\workspace.xml", "XML", 0, 87, 0, 0, 0, 0, 0, 0, 0, 0, 0, 0, 87
"d:\CNG491ERG\EndlessRunnerGame\Assets\Scripts\Core\AIBERG.Core.asmdef", "UnityAssemblyDefinition", 0, 0, 0, 19, 0, 0, 0, 0, 0, 0, 0, 0, 19
"d:\CNG491ERG\EndlessRunnerGame\Assets\Scripts\Core\Boss.cs", "C#", 88, 0, 0, 0, 0, 0, 0, 0, 0, 0, 0, 12, 100
"d:\CNG491ERG\EndlessRunnerGame\Assets\Scripts\Core\BossAgent.cs", "C#", 104, 0, 0, 0, 0, 0, 0, 0, 0, 0, 1, 18, 123
"d:\CNG491ERG\EndlessRunnerGame\Assets\Scripts\Core\DamagingProjectile.cs", "C#", 42, 0, 0, 0, 0, 0, 0, 0, 0, 0, 1, 6, 49
"d:\CNG491ERG\EndlessRunnerGame\Assets\Scripts\Core\Despawner.cs", "C#", 18, 0, 0, 0, 0, 0, 0, 0, 0, 0, 0, 4, 22
"d:\CNG491ERG\EndlessRunnerGame\Assets\Scripts\Core\GameEnvironment.cs", "C#", 113, 0, 0, 0, 0, 0, 0, 0, 0, 0, 0, 20, 133
"d:\CNG491ERG\EndlessRunnerGame\Assets\Scripts\Core\InputHandlers\InputHandler.cs", "C#", 21, 0, 0, 0, 0, 0, 0, 0, 0, 0, 0, 4, 25
"d:\CNG491ERG\EndlessRunnerGame\Assets\Scripts\Core\InputHandlers\InputReplayer.cs", "C#", 62, 0, 0, 0, 0, 0, 0, 0, 0, 0, 2, 8, 72
"d:\CNG491ERG\EndlessRunnerGame\Assets\Scripts\Core\InputHandlers\PlayerAutoInputHandler.cs", "C#", 218, 0, 0, 0, 0, 0, 0, 0, 0, 0, 35, 30, 283
"d:\CNG491ERG\EndlessRunnerGame\Assets\Scripts\Core\InputHandlers\PlayerInputHandler.cs", "C#", 17, 0, 0, 0, 0, 0, 0, 0, 0, 0, 0, 1, 18
"d:\CNG491ERG\EndlessRunnerGame\Assets\Scripts\Core\InputHandlers\RandomInputHandler.cs", "C#", 11, 0, 0, 0, 0, 0, 0, 0, 0, 0, 0, 2, 13
"d:\CNG491ERG\EndlessRunnerGame\Assets\Scripts\Core\InputHandlers\ReplayManager.cs", "C#", 94, 0, 0, 0, 0, 0, 0, 0, 0, 0, 2, 12, 108
"d:\CNG491ERG\EndlessRunnerGame\Assets\Scripts\Core\InputHandlers\StoopidInputHandler.cs", "C#", 29, 0, 0, 0, 0, 0, 0, 0, 0, 0, 2, 7, 38
"d:\CNG491ERG\EndlessRunnerGame\Assets\Scripts\Core\ParallaxController.cs", "C#", 45, 0, 0, 0, 0, 0, 0, 0, 0, 0, 4, 9, 58
"d:\CNG491ERG\EndlessRunnerGame\Assets\Scripts\Core\Player.cs", "C#", 139, 0, 0, 0, 0, 0, 0, 0, 0, 0, 0, 17, 156
"d:\CNG491ERG\EndlessRunnerGame\Assets\Scripts\Core\PlayerAgent.cs", "C#", 102, 0, 0, 0, 0, 0, 0, 0, 0, 0, 0, 16, 118
"d:\CNG491ERG\EndlessRunnerGame\Assets\Scripts\Core\TestMatchManager.cs", "C#", 54, 0, 0, 0, 0, 0, 0, 0, 0, 0, 1, 7, 62
"d:\CNG491ERG\EndlessRunnerGame\Assets\Scripts\Factions\The Order of the Flesh\AIBERG.Factions.TheOrderOfTheFlesh.asmdef", "UnityAssemblyDefinition", 0, 0, 0, 18, 0, 0, 0, 0, 0, 0, 0, 0, 18
"d:\CNG491ERG\EndlessRunnerGame\Assets\Scripts\Factions\The Order of the Flesh\AssaultRifle.cs", "C#", 82, 0, 0, 0, 0, 0, 0, 0, 0, 0, 1, 14, 97
"d:\CNG491ERG\EndlessRunnerGame\Assets\Scripts\Factions\The Order of the Flesh\Jump.cs", "C#", 62, 0, 0, 0, 0, 0, 0, 0, 0, 0, 0, 8, 70
"d:\CNG491ERG\EndlessRunnerGame\Assets\Scripts\Factions\The Order of the Flesh\LastResort.cs", "C#", 77, 0, 0, 0, 0, 0, 0, 0, 0, 0, 1, 10, 88
"d:\CNG491ERG\EndlessRunnerGame\Assets\Scripts\Factions\The Order of the Flesh\MachineGun.cs", "C#", 95, 0, 0, 0, 0, 0, 0, 0, 0, 0, 1, 9, 105
"d:\CNG491ERG\EndlessRunnerGame\Assets\Scripts\Interfaces\AIBERG.Interfaces.asmdef", "UnityAssemblyDefinition", 0, 0, 0, 14, 0, 0, 0, 0, 0, 0, 0, 0, 14
"d:\CNG491ERG\EndlessRunnerGame\Assets\Scripts\Interfaces\IAbility.cs", "C#", 23, 0, 0, 0, 0, 0, 0, 0, 0, 0, 0, 5, 28
"d:\CNG491ERG\EndlessRunnerGame\Assets\Scripts\Interfaces\IAttackAbility.cs", "C#", 7, 0, 0, 0, 0, 0, 0, 0, 0, 0, 0, 2, 9
"d:\CNG491ERG\EndlessRunnerGame\Assets\Scripts\Interfaces\IDamageable.cs", "C#", 20, 0, 0, 0, 0, 0, 0, 0, 0, 0, 0, 4, 24
"d:\CNG491ERG\EndlessRunnerGame\Assets\Scripts\ParkourMode\AIBERG.ParkourMode.asmdef", "UnityAssemblyDefinition", 0, 0, 0, 18, 0, 0, 0, 0, 0, 0, 0, 0, 18
"d:\CNG491ERG\EndlessRunnerGame\Assets\Scripts\ParkourMode\CameraMovement.cs", "C#", 28, 0, 0, 0, 0, 0, 0, 0, 0, 0, 1, 5, 34
"d:\CNG491ERG\EndlessRunnerGame\Assets\Scripts\ParkourMode\FloatingOrigin.cs", "C#", 0, 0, 0, 0, 0, 0, 0, 0, 0, 0, 35, 1, 36
"d:\CNG491ERG\EndlessRunnerGame\Assets\Scripts\ParkourMode\Obstacle.cs", "C#", 25, 0, 0, 0, 0, 0, 0, 0, 0, 0, 2, 5, 32
"d:\CNG491ERG\EndlessRunnerGame\Assets\Scripts\ParkourMode\ObstacleSpawner.cs", "C#", 55, 0, 0, 0, 0, 0, 0, 0, 0, 0, 2, 11, 68
"d:\CNG491ERG\EndlessRunnerGame\Assets\Scripts\ParkourMode\Parallax.cs", "C#", 26, 0, 0, 0, 0, 0, 0, 0, 0, 0, 2, 7, 35
"d:\CNG491ERG\EndlessRunnerGame\Assets\Scripts\ParkourMode\StateMachine\BaseState.cs", "C#", 42, 0, 0, 0, 0, 0, 0, 0, 0, 0, 0, 7, 49
"d:\CNG491ERG\EndlessRunnerGame\Assets\Scripts\ParkourMode\StateMachine\BossFightState.cs", "C#", 25, 0, 0, 0, 0, 0, 0, 0, 0, 0, 0, 5, 30
"d:\CNG491ERG\EndlessRunnerGame\Assets\Scripts\ParkourMode\StateMachine\BossFightToParkourState.cs", "C#", 22, 0, 0, 0, 0, 0, 0, 0, 0, 0, 0, 3, 25
"d:\CNG491ERG\EndlessRunnerGame\Assets\Scripts\ParkourMode\StateMachine\GameOverState.cs", "C#", 20, 0, 0, 0, 0, 0, 0, 0, 0, 0, 2, 4, 26
"d:\CNG491ERG\EndlessRunnerGame\Assets\Scripts\ParkourMode\StateMachine\GameStateMachineScript.cs", "C#", 63, 0, 0, 0, 0, 0, 0, 0, 0, 0, 2, 10, 75
"d:\CNG491ERG\EndlessRunnerGame\Assets\Scripts\ParkourMode\StateMachine\InitialState.cs", "C#", 20, 0, 0, 0, 0, 0, 0, 0, 0, 0, 0, 4, 24
"d:\CNG491ERG\EndlessRunnerGame\Assets\Scripts\ParkourMode\StateMachine\ParkourState.cs", "C#", 23, 0, 0, 0, 0, 0, 0, 0, 0, 0, 0, 5, 28
"d:\CNG491ERG\EndlessRunnerGame\Assets\Scripts\ParkourMode\StateMachine\ParkourToBossFightState.cs", "C#", 27, 0, 0, 0, 0, 0, 0, 0, 0, 0, 2, 5, 34
"d:\CNG491ERG\EndlessRunnerGame\Assets\Scripts\ScriptableObjects\AIBERG.ScriptableObjects.asmdef", "UnityAssemblyDefinition", 0, 0, 0, 4, 0, 0, 0, 0, 0, 0, 0, 1, 5
"d:\CNG491ERG\EndlessRunnerGame\Assets\Scripts\ScriptableObjects\BossAbilitiesSO.cs", "C#", 13, 0, 0, 0, 0, 0, 0, 0, 0, 0, 0, 4, 17
"d:\CNG491ERG\EndlessRunnerGame\Assets\Scripts\ScriptableObjects\FactionSO.cs", "C#", 18, 0, 0, 0, 0, 0, 0, 0, 0, 0, 0, 6, 24
"d:\CNG491ERG\EndlessRunnerGame\Assets\Scripts\UI\AIBERG.UI.asmdef", "UnityAssemblyDefinition", 0, 0, 0, 19, 0, 0, 0, 0, 0, 0, 0, 0, 19
"d:\CNG491ERG\EndlessRunnerGame\Assets\Scripts\UI\GreetUser.cs", "C#", 19, 0, 0, 0, 0, 0, 0, 0, 0, 0, 0, 2, 21
"d:\CNG491ERG\EndlessRunnerGame\Assets\Scripts\UI\HealthUIManager.cs", "C#", 16, 0, 0, 0, 0, 0, 0, 0, 0, 0, 0, 3, 19
"d:\CNG491ERG\EndlessRunnerGame\Assets\Scripts\UI\MenuManager.cs", "C#", 66, 0, 0, 0, 0, 0, 0, 0, 0, 0, 0, 11, 77
"d:\CNG491ERG\EndlessRunnerGame\Assets\Scripts\UI\ShowUsername.cs", "C#", 22, 0, 0, 0, 0, 0, 0, 0, 0, 0, 0, 3, 25
"d:\CNG491ERG\EndlessRunnerGame\Assets\Scripts\UI\StepCounter.cs", "C#", 12, 0, 0, 0, 0, 0, 0, 0, 0, 0, 0, 3, 15
"d:\CNG491ERG\EndlessRunnerGame\Assets\Scripts\UI\TextManager.cs", "C#", 10, 0, 0, 0, 0, 0, 0, 0, 0, 0, 0, 3, 13
"d:\CNG491ERG\EndlessRunnerGame\Assets\Scripts\Utilities\AIBERG.Utilities.asmdef", "UnityAssemblyDefinition", 0, 0, 0, 4, 0, 0, 0, 0, 0, 0, 0, 0, 4
"d:\CNG491ERG\EndlessRunnerGame\Assets\Scripts\Utilities\ComponentFinder.cs", "C#", 59, 0, 0, 0, 0, 0, 0, 0, 0, 0, 19, 14, 92
"d:\CNG491ERG\EndlessRunnerGame\Assets\Tests\EditModeTests\DamagingProjectileTests.cs", "C#", 27, 0, 0, 0, 0, 0, 0, 0, 0, 0, 0, 8, 35
"d:\CNG491ERG\EndlessRunnerGame\Assets\Tests\EditModeTests\EditModeTests.asmdef", "UnityAssemblyDefinition", 0, 0, 0, 26, 0, 0, 0, 0, 0, 0, 0, 0, 26
"d:\CNG491ERG\EndlessRunnerGame\Assets\Tests\PlayModeTests\BossTesting.cs", "C#", 22, 0, 0, 0, 0, 0, 0, 0, 0, 0, 0, 1, 23
"d:\CNG491ERG\EndlessRunnerGame\Assets\Tests\PlayModeTests\LoginControllerTests.cs", "C#", 49, 0, 0, 0, 0, 0, 0, 0, 0, 0, 0, 20, 69
"d:\CNG491ERG\EndlessRunnerGame\Assets\Tests\PlayModeTests\PlayModeTests.asmdef", "UnityAssemblyDefinition", 0, 0, 0, 30, 0, 0, 0, 0, 0, 0, 0, 0, 30
"d:\CNG491ERG\EndlessRunnerGame\Assets\TextMesh Pro\Shaders\TMP_Bitmap-Custom-Atlas.shader", "UnityShader", 0, 0, 0, 0, 0, 109, 0, 0, 0, 0, 2, 33, 144
"d:\CNG491ERG\EndlessRunnerGame\Assets\TextMesh Pro\Shaders\TMP_Bitmap-Mobile.shader", "UnityShader", 0, 0, 0, 0, 0, 112, 0, 0, 0, 0, 3, 31, 146
"d:\CNG491ERG\EndlessRunnerGame\Assets\TextMesh Pro\Shaders\TMP_Bitmap.shader", "UnityShader", 0, 0, 0, 0, 0, 109, 0, 0, 0, 0, 2, 33, 144
"d:\CNG491ERG\EndlessRunnerGame\Assets\TextMesh Pro\Shaders\TMP_SDF Overlay.shader", "UnityShader", 0, 0, 0, 0, 0, 243, 0, 0, 0, 0, 4, 71, 318
"d:\CNG491ERG\EndlessRunnerGame\Assets\TextMesh Pro\Shaders\TMP_SDF SSD.shader", "UnityShader", 0, 0, 0, 0, 0, 241, 0, 0, 0, 0, 4, 66, 311
"d:\CNG491ERG\EndlessRunnerGame\Assets\TextMesh Pro\Shaders\TMP_SDF-Mobile Masking.shader", "UnityShader", 0, 0, 0, 0, 0, 188, 0, 0, 0, 0, 10, 50, 248
"d:\CNG491ERG\EndlessRunnerGame\Assets\TextMesh Pro\Shaders\TMP_SDF-Mobile Overlay.shader", "UnityShader", 0, 0, 0, 0, 0, 183, 0, 0, 0, 0, 8, 50, 241
"d:\CNG491ERG\EndlessRunnerGame\Assets\TextMesh Pro\Shaders\TMP_SDF-Mobile SSD.shader", "UnityShader", 0, 0, 0, 0, 0, 82, 0, 0, 0, 0, 4, 21, 107
"d:\CNG491ERG\EndlessRunnerGame\Assets\TextMesh Pro\Shaders\TMP_SDF-Mobile.shader", "UnityShader", 0, 0, 0, 0, 0, 183, 0, 0, 0, 0, 8, 50, 241
"d:\CNG491ERG\EndlessRunnerGame\Assets\TextMesh Pro\Shaders\TMP_SDF-Surface-Mobile.shader", "UnityShader", 0, 0, 0, 0, 0, 103, 0, 0, 0, 0, 8, 28, 139
"d:\CNG491ERG\EndlessRunnerGame\Assets\TextMesh Pro\Shaders\TMP_SDF-Surface.shader", "UnityShader", 0, 0, 0, 0, 0, 122, 0, 0, 0, 0, 4, 33, 159
"d:\CNG491ERG\EndlessRunnerGame\Assets\TextMesh Pro\Shaders\TMP_SDF.shader", "UnityShader", 0, 0, 0, 0, 0, 243, 0, 0, 0, 0, 4, 71, 318
"d:\CNG491ERG\EndlessRunnerGame\Assets\TextMesh Pro\Shaders\TMP_Sprite.shader", "UnityShader", 0, 0, 0, 0, 0, 97, 0, 0, 0, 0, 0, 20, 117
"d:\CNG491ERG\EndlessRunnerGame\Assets\TextMesh Pro\Shaders\TMPro.cginc", "UnityShader", 0, 0, 0, 0, 0, 63, 0, 0, 0, 0, 2, 20, 85
"d:\CNG491ERG\EndlessRunnerGame\Assets\TextMesh Pro\Shaders\TMPro_Mobile.cginc", "UnityShader", 0, 0, 0, 0, 0, 122, 0, 0, 0, 0, 2, 34, 158
"d:\CNG491ERG\EndlessRunnerGame\Assets\TextMesh Pro\Shaders\TMPro_Properties.cginc", "UnityShader", 0, 0, 0, 0, 0, 62, 0, 0, 0, 0, 10, 14, 86
"d:\CNG491ERG\EndlessRunnerGame\Assets\TextMesh Pro\Shaders\TMPro_Surface.cginc", "UnityShader", 0, 0, 0, 0, 0, 76, 0, 0, 0, 0, 7, 19, 102
"d:\CNG491ERG\EndlessRunnerGame\Assets\TextMesh Pro\Sprites\EmojiOne.json", "JSON", 0, 0, 0, 0, 155, 0, 0, 0, 0, 0, 0, 2, 157
"d:\CNG491ERG\EndlessRunnerGame\Assets\Training\Boss.yaml", "YAML", 0, 0, 0, 0, 0, 0, 0, 26, 0, 0, 0, 0, 26
"d:\CNG491ERG\EndlessRunnerGame\Assets\Training\default.yaml", "YAML", 0, 0, 0, 0, 0, 0, 0, 25, 0, 0, 0, 1, 26
"d:\CNG491ERG\EndlessRunnerGame\Assets\Training\results\ppo\Boss\Boss-499960.pt", "XML", 0, 15032, 0, 0, 0, 0, 0, 0, 0, 0, 0, 63, 15095
"d:\CNG491ERG\EndlessRunnerGame\Assets\Training\results\ppo\Boss\Boss-750094.pt", "XML", 0, 14957, 0, 0, 0, 0, 0, 0, 0, 0, 0, 64, 15021
"d:\CNG491ERG\EndlessRunnerGame\Assets\Training\results\ppo\Boss\checkpoint.pt", "XML", 0, 14958, 0, 0, 0, 0, 0, 0, 0, 0, 0, 64, 15022
"d:\CNG491ERG\EndlessRunnerGame\Assets\Training\results\ppo\configuration.yaml", "YAML", 0, 0, 0, 0, 0, 0, 0, 78, 0, 0, 0, 1, 79
"d:\CNG491ERG\EndlessRunnerGame\Assets\Training\results\ppo\run_logs\timers.json", "JSON", 0, 0, 0, 0, 335, 0, 0, 0, 0, 0, 0, 0, 335
"d:\CNG491ERG\EndlessRunnerGame\Assets\Training\results\ppo\run_logs\training_status.json", "JSON", 0, 0, 0, 0, 38, 0, 0, 0, 0, 0, 0, 0, 38
"d:\CNG491ERG\EndlessRunnerGame\CodeCoverage\EndlessRunnerGame-opencov\EditMode\TestCoverageResults_0000.xml", "XML", 0, 3431, 0, 0, 0, 0, 0, 0, 0, 0, 0, 0, 3431
"d:\CNG491ERG\EndlessRunnerGame\CodeCoverage\EndlessRunnerGame-opencov\EditMode\TestCoverageResults_0001.xml", "XML", 0, 121, 0, 0, 0, 0, 0, 0, 0, 0, 0, 0, 121
"d:\CNG491ERG\EndlessRunnerGame\CodeCoverage\EndlessRunnerGame-opencov\PlayMode\TestCoverageResults_0000.xml", "XML", 0, 3679, 0, 0, 0, 0, 0, 0, 0, 0, 0, 0, 3679
"d:\CNG491ERG\EndlessRunnerGame\CodeCoverage\EndlessRunnerGame-opencov\PlayMode\TestCoverageResults_0001.xml", "XML", 0, 1845, 0, 0, 0, 0, 0, 0, 0, 0, 0, 0, 1845
"d:\CNG491ERG\EndlessRunnerGame\CodeCoverage\EndlessRunnerGame-opencov\Recording\RecordingCoverageResults_0000.xml", "XML", 0, 3428, 0, 0, 0, 0, 0, 0, 0, 0, 0, 0, 3428
"d:\CNG491ERG\EndlessRunnerGame\CodeCoverage\EndlessRunnerGame-opencov\Recording\RecordingCoverageResults_0001.xml", "XML", 0, 152, 0, 0, 0, 0, 0, 0, 0, 0, 0, 0, 152
"d:\CNG491ERG\EndlessRunnerGame\CodeCoverage\Report-history\2024-04-08_11-48-48_CoverageHistory.xml", "XML", 0, 43, 0, 0, 0, 0, 0, 0, 0, 0, 0, 0, 43
"d:\CNG491ERG\EndlessRunnerGame\CodeCoverage\Report-history\2024-04-09_14-33-31_CoverageHistory.xml", "XML", 0, 13, 0, 0, 0, 0, 0, 0, 0, 0, 0, 0, 13
"d:\CNG491ERG\EndlessRunnerGame\CodeCoverage\Report-history\2024-04-09_14-33-49_CoverageHistory.xml", "XML", 0, 13, 0, 0, 0, 0, 0, 0, 0, 0, 0, 0, 13
"d:\CNG491ERG\EndlessRunnerGame\CodeCoverage\Report-history\2024-04-09_14-35-45_CoverageHistory.xml", "XML", 0, 13, 0, 0, 0, 0, 0, 0, 0, 0, 0, 0, 13
"d:\CNG491ERG\EndlessRunnerGame\CodeCoverage\Report-history\2024-04-09_14-36-38_CoverageHistory.xml", "XML", 0, 13, 0, 0, 0, 0, 0, 0, 0, 0, 0, 0, 13
"d:\CNG491ERG\EndlessRunnerGame\CodeCoverage\Report-history\2024-04-09_14-39-19_CoverageHistory.xml", "XML", 0, 13, 0, 0, 0, 0, 0, 0, 0, 0, 0, 0, 13
"d:\CNG491ERG\EndlessRunnerGame\CodeCoverage\Report-history\2024-04-09_14-42-20_CoverageHistory.xml", "XML", 0, 2, 0, 0, 0, 0, 0, 0, 0, 0, 0, 0, 2
"d:\CNG491ERG\EndlessRunnerGame\CodeCoverage\Report-history\2024-04-09_14-42-37_CoverageHistory.xml", "XML", 0, 13, 0, 0, 0, 0, 0, 0, 0, 0, 0, 0, 13
"d:\CNG491ERG\EndlessRunnerGame\CodeCoverage\Report-history\2024-04-09_14-42-56_CoverageHistory.xml", "XML", 0, 38, 0, 0, 0, 0, 0, 0, 0, 0, 0, 0, 38
"d:\CNG491ERG\EndlessRunnerGame\CodeCoverage\Report-history\2024-04-09_14-42-58_CoverageHistory.xml", "XML", 0, 38, 0, 0, 0, 0, 0, 0, 0, 0, 0, 0, 38
"d:\CNG491ERG\EndlessRunnerGame\CodeCoverage\Report-history\2024-04-09_14-44-01_CoverageHistory.xml", "XML", 0, 41, 0, 0, 0, 0, 0, 0, 0, 0, 0, 0, 41
"d:\CNG491ERG\EndlessRunnerGame\CodeCoverage\Report-history\2024-04-09_14-44-04_CoverageHistory.xml", "XML", 0, 41, 0, 0, 0, 0, 0, 0, 0, 0, 0, 0, 41
"d:\CNG491ERG\EndlessRunnerGame\CodeCoverage\Report-history\2024-04-09_14-44-56_CoverageHistory.xml", "XML", 0, 41, 0, 0, 0, 0, 0, 0, 0, 0, 0, 0, 41
"d:\CNG491ERG\EndlessRunnerGame\CodeCoverage\Report-history\2024-04-09_14-45-11_CoverageHistory.xml", "XML", 0, 41, 0, 0, 0, 0, 0, 0, 0, 0, 0, 0, 41
"d:\CNG491ERG\EndlessRunnerGame\CodeCoverage\Report-history\2024-04-09_14-45-14_CoverageHistory.xml", "XML", 0, 41, 0, 0, 0, 0, 0, 0, 0, 0, 0, 0, 41
"d:\CNG491ERG\EndlessRunnerGame\CodeCoverage\Report-history\2024-04-09_14-51-48_CoverageHistory.xml", "XML", 0, 38, 0, 0, 0, 0, 0, 0, 0, 0, 0, 0, 38
"d:\CNG491ERG\EndlessRunnerGame\CodeCoverage\Report-history\2024-04-09_14-51-53_CoverageHistory.xml", "XML", 0, 38, 0, 0, 0, 0, 0, 0, 0, 0, 0, 0, 38
"d:\CNG491ERG\EndlessRunnerGame\CodeCoverage\Report-history\2024-04-09_18-06-31_CoverageHistory.xml", "XML", 0, 38, 0, 0, 0, 0, 0, 0, 0, 0, 0, 0, 38
"d:\CNG491ERG\EndlessRunnerGame\CodeCoverage\Report-history\2024-04-09_18-33-06_CoverageHistory.xml", "XML", 0, 38, 0, 0, 0, 0, 0, 0, 0, 0, 0, 0, 38
"d:\CNG491ERG\EndlessRunnerGame\CodeCoverage\Report-history\2024-04-09_18-34-37_CoverageHistory.xml", "XML", 0, 38, 0, 0, 0, 0, 0, 0, 0, 0, 0, 0, 38
"d:\CNG491ERG\EndlessRunnerGame\CodeCoverage\Report-history\2024-04-09_18-40-19_CoverageHistory.xml", "XML", 0, 38, 0, 0, 0, 0, 0, 0, 0, 0, 0, 0, 38
"d:\CNG491ERG\EndlessRunnerGame\CodeCoverage\Report-history\2024-04-09_18-41-12_CoverageHistory.xml", "XML", 0, 38, 0, 0, 0, 0, 0, 0, 0, 0, 0, 0, 38
"d:\CNG491ERG\EndlessRunnerGame\CodeCoverage\Report-history\2024-04-09_18-42-03_CoverageHistory.xml", "XML", 0, 38, 0, 0, 0, 0, 0, 0, 0, 0, 0, 0, 38
"d:\CNG491ERG\EndlessRunnerGame\CodeCoverage\Report-history\2024-04-09_18-44-26_CoverageHistory.xml", "XML", 0, 38, 0, 0, 0, 0, 0, 0, 0, 0, 0, 0, 38
"d:\CNG491ERG\EndlessRunnerGame\CodeCoverage\Report-history\2024-04-09_18-48-54_CoverageHistory.xml", "XML", 0, 38, 0, 0, 0, 0, 0, 0, 0, 0, 0, 0, 38
"d:\CNG491ERG\EndlessRunnerGame\CodeCoverage\Report-history\2024-04-12_07-07-16_CoverageHistory.xml", "XML", 0, 38, 0, 0, 0, 0, 0, 0, 0, 0, 0, 0, 38
"d:\CNG491ERG\EndlessRunnerGame\CodeCoverage\Report-history\2024-04-12_07-07-27_CoverageHistory.xml", "XML", 0, 38, 0, 0, 0, 0, 0, 0, 0, 0, 0, 0, 38
"d:\CNG491ERG\EndlessRunnerGame\CodeCoverage\Report-history\2024-04-12_07-10-50_CoverageHistory.xml", "XML", 0, 38, 0, 0, 0, 0, 0, 0, 0, 0, 0, 0, 38
"d:\CNG491ERG\EndlessRunnerGame\CodeCoverage\Report-history\2024-04-12_07-12-10_CoverageHistory.xml", "XML", 0, 38, 0, 0, 0, 0, 0, 0, 0, 0, 0, 0, 38
"d:\CNG491ERG\EndlessRunnerGame\CodeCoverage\Report-history\2024-04-12_07-13-00_CoverageHistory.xml", "XML", 0, 38, 0, 0, 0, 0, 0, 0, 0, 0, 0, 0, 38
"d:\CNG491ERG\EndlessRunnerGame\CodeCoverage\Report-history\2024-04-12_07-13-30_CoverageHistory.xml", "XML", 0, 43, 0, 0, 0, 0, 0, 0, 0, 0, 0, 0, 43
"d:\CNG491ERG\EndlessRunnerGame\CodeCoverage\Report-history\2024-04-12_07-17-41_CoverageHistory.xml", "XML", 0, 43, 0, 0, 0, 0, 0, 0, 0, 0, 0, 0, 43
"d:\CNG491ERG\EndlessRunnerGame\CodeCoverage\Report\AIBERG.API_InputRecorder.html", "HTML", 0, 0, 174, 0, 0, 0, 0, 0, 0, 0, 0, 8, 182
"d:\CNG491ERG\EndlessRunnerGame\CodeCoverage\Report\AIBERG.API_LoginController.html", "HTML", 0, 0, 168, 0, 0, 0, 0, 0, 0, 0, 0, 8, 176
"d:\CNG491ERG\EndlessRunnerGame\CodeCoverage\Report\AIBERG.API_RegisterController.html", "HTML", 0, 0, 167, 0, 0, 0, 0, 0, 0, 0, 0, 8, 175
"d:\CNG491ERG\EndlessRunnerGame\CodeCoverage\Report\AIBERG.BossAbilities_AttackDrone.html", "HTML", 0, 0, 210, 0, 0, 0, 0, 0, 0, 0, 0, 8, 218
"d:\CNG491ERG\EndlessRunnerGame\CodeCoverage\Report\AIBERG.BossAbilities_BasicAttack.html", "HTML", 0, 0, 182, 0, 0, 0, 0, 0, 0, 0, 0, 8, 190
"d:\CNG491ERG\EndlessRunnerGame\CodeCoverage\Report\AIBERG.BossAbilities_MoveDown.html", "HTML", 0, 0, 158, 0, 0, 0, 0, 0, 0, 0, 0, 8, 166
"d:\CNG491ERG\EndlessRunnerGame\CodeCoverage\Report\AIBERG.BossAbilities_MoveUp.html", "HTML", 0, 0, 158, 0, 0, 0, 0, 0, 0, 0, 0, 8, 166
"d:\CNG491ERG\EndlessRunnerGame\CodeCoverage\Report\AIBERG.BossAbilities_SpawnAttackDrones.html", "HTML", 0, 0, 236, 0, 0, 0, 0, 0, 0, 0, 0, 8, 244
"d:\CNG491ERG\EndlessRunnerGame\CodeCoverage\Report\AIBERG.Core_Boss.html", "HTML", 0, 0, 217, 0, 0, 0, 0, 0, 0, 0, 0, 8, 225
"d:\CNG491ERG\EndlessRunnerGame\CodeCoverage\Report\AIBERG.Core_BossAgent.html", "HTML", 0, 0, 201, 0, 0, 0, 0, 0, 0, 0, 0, 8, 209
"d:\CNG491ERG\EndlessRunnerGame\CodeCoverage\Report\AIBERG.Core_DamagingProjectile.html", "HTML", 0, 0, 147, 0, 0, 0, 0, 0, 0, 0, 0, 8, 155
"d:\CNG491ERG\EndlessRunnerGame\CodeCoverage\Report\AIBERG.Core_Despawner.html", "HTML", 0, 0, 122, 0, 0, 0, 0, 0, 0, 0, 0, 8, 130
"d:\CNG491ERG\EndlessRunnerGame\CodeCoverage\Report\AIBERG.Core_GameEnvironment.html", "HTML", 0, 0, 208, 0, 0, 0, 0, 0, 0, 0, 0, 8, 216
"d:\CNG491ERG\EndlessRunnerGame\CodeCoverage\Report\AIBERG.Core_InputHandler.html", "HTML", 0, 0, 121, 0, 0, 0, 0, 0, 0, 0, 0, 8, 129
"d:\CNG491ERG\EndlessRunnerGame\CodeCoverage\Report\AIBERG.Core_Player.html", "HTML", 0, 0, 212, 0, 0, 0, 0, 0, 0, 0, 0, 8, 220
"d:\CNG491ERG\EndlessRunnerGame\CodeCoverage\Report\AIBERG.Core_PlayerAgent.html", "HTML", 0, 0, 213, 0, 0, 0, 0, 0, 0, 0, 0, 8, 221
"d:\CNG491ERG\EndlessRunnerGame\CodeCoverage\Report\AIBERG.Core_PlayerAutoInputHandler.html", "HTML", 0, 0, 386, 0, 0, 0, 0, 0, 0, 0, 0, 8, 394
"d:\CNG491ERG\EndlessRunnerGame\CodeCoverage\Report\AIBERG.Core_PlayerInputHandler.html", "HTML", 0, 0, 109, 0, 0, 0, 0, 0, 0, 0, 0, 8, 117
"d:\CNG491ERG\EndlessRunnerGame\CodeCoverage\Report\AIBERG.Core_RandomInputHandler.html", "HTML", 0, 0, 109, 0, 0, 0, 0, 0, 0, 0, 0, 8, 117
"d:\CNG491ERG\EndlessRunnerGame\CodeCoverage\Report\AIBERG.Core_StoopidInputHandler.html", "HTML", 0, 0, 137, 0, 0, 0, 0, 0, 0, 0, 0, 8, 145
"d:\CNG491ERG\EndlessRunnerGame\CodeCoverage\Report\AIBERG.Factions.TheOrderOfTheFlesh_AssaultRifle.html", "HTML", 0, 0, 193, 0, 0, 0, 0, 0, 0, 0, 0, 8, 201
"d:\CNG491ERG\EndlessRunnerGame\CodeCoverage\Report\AIBERG.Factions.TheOrderOfTheFlesh_Jump.html", "HTML", 0, 0, 152, 0, 0, 0, 0, 0, 0, 0, 0, 8, 160
"d:\CNG491ERG\EndlessRunnerGame\CodeCoverage\Report\AIBERG.Factions.TheOrderOfTheFlesh_LastResort.html", "HTML", 0, 0, 204, 0, 0, 0, 0, 0, 0, 0, 0, 8, 212
"d:\CNG491ERG\EndlessRunnerGame\CodeCoverage\Report\AIBERG.Factions.TheOrderOfTheFlesh_MachineGun.html", "HTML", 0, 0, 202, 0, 0, 0, 0, 0, 0, 0, 0, 8, 210
"d:\CNG491ERG\EndlessRunnerGame\CodeCoverage\Report\AIBERG.UI_HealthUIManager.html", "HTML", 0, 0, 117, 0, 0, 0, 0, 0, 0, 0, 0, 8, 125
"d:\CNG491ERG\EndlessRunnerGame\CodeCoverage\Report\AIBERG.UI_MenuManager.html", "HTML", 0, 0, 114, 0, 0, 0, 0, 0, 0, 0, 0, 8, 122
"d:\CNG491ERG\EndlessRunnerGame\CodeCoverage\Report\AIBERG.UI_StepCounter.html", "HTML", 0, 0, 111, 0, 0, 0, 0, 0, 0, 0, 0, 8, 119
"d:\CNG491ERG\EndlessRunnerGame\CodeCoverage\Report\AIBERG.Utilities_ComponentFinder.html", "HTML", 0, 0, 197, 0, 0, 0, 0, 0, 0, 0, 0, 8, 205
"d:\CNG491ERG\EndlessRunnerGame\CodeCoverage\Report\Summary.json", "JSON", 0, 0, 0, 0, 56, 0, 0, 0, 0, 0, 0, 0, 56
"d:\CNG491ERG\EndlessRunnerGame\CodeCoverage\Report\Summary.md", "Markdown", 0, 0, 0, 0, 0, 0, 0, 0, 0, 54, 0, 2, 56
"d:\CNG491ERG\EndlessRunnerGame\CodeCoverage\Report\Summary.xml", "XML", 0, 62, 0, 0, 0, 0, 0, 0, 0, 0, 0, 0, 62
"d:\CNG491ERG\EndlessRunnerGame\CodeCoverage\Report\badge_branchcoverage.svg", "XML", 0, 78, 0, 0, 0, 0, 0, 0, 0, 0, 0, 10, 88
"d:\CNG491ERG\EndlessRunnerGame\CodeCoverage\Report\badge_combined.svg", "XML", 0, 81, 0, 0, 0, 0, 0, 0, 0, 0, 0, 7, 88
"d:\CNG491ERG\EndlessRunnerGame\CodeCoverage\Report\badge_linecoverage.svg", "XML", 0, 78, 0, 0, 0, 0, 0, 0, 0, 0, 0, 10, 88
"d:\CNG491ERG\EndlessRunnerGame\CodeCoverage\Report\badge_shieldsio_branchcoverage_blue.svg", "XML", 0, 1, 0, 0, 0, 0, 0, 0, 0, 0, 0, 0, 1
"d:\CNG491ERG\EndlessRunnerGame\CodeCoverage\Report\badge_shieldsio_branchcoverage_brightgreen.svg", "XML", 0, 1, 0, 0, 0, 0, 0, 0, 0, 0, 0, 0, 1
"d:\CNG491ERG\EndlessRunnerGame\CodeCoverage\Report\badge_shieldsio_branchcoverage_green.svg", "XML", 0, 1, 0, 0, 0, 0, 0, 0, 0, 0, 0, 0, 1
"d:\CNG491ERG\EndlessRunnerGame\CodeCoverage\Report\badge_shieldsio_branchcoverage_lightgrey.svg", "XML", 0, 1, 0, 0, 0, 0, 0, 0, 0, 0, 0, 0, 1
"d:\CNG491ERG\EndlessRunnerGame\CodeCoverage\Report\badge_shieldsio_branchcoverage_orange.svg", "XML", 0, 1, 0, 0, 0, 0, 0, 0, 0, 0, 0, 0, 1
"d:\CNG491ERG\EndlessRunnerGame\CodeCoverage\Report\badge_shieldsio_branchcoverage_red.svg", "XML", 0, 1, 0, 0, 0, 0, 0, 0, 0, 0, 0, 0, 1
"d:\CNG491ERG\EndlessRunnerGame\CodeCoverage\Report\badge_shieldsio_branchcoverage_yellow.svg", "XML", 0, 1, 0, 0, 0, 0, 0, 0, 0, 0, 0, 0, 1
"d:\CNG491ERG\EndlessRunnerGame\CodeCoverage\Report\badge_shieldsio_branchcoverage_yellowgreen.svg", "XML", 0, 1, 0, 0, 0, 0, 0, 0, 0, 0, 0, 0, 1
"d:\CNG491ERG\EndlessRunnerGame\CodeCoverage\Report\badge_shieldsio_linecoverage_blue.svg", "XML", 0, 1, 0, 0, 0, 0, 0, 0, 0, 0, 0, 0, 1
"d:\CNG491ERG\EndlessRunnerGame\CodeCoverage\Report\badge_shieldsio_linecoverage_brightgreen.svg", "XML", 0, 1, 0, 0, 0, 0, 0, 0, 0, 0, 0, 0, 1
"d:\CNG491ERG\EndlessRunnerGame\CodeCoverage\Report\badge_shieldsio_linecoverage_green.svg", "XML", 0, 1, 0, 0, 0, 0, 0, 0, 0, 0, 0, 0, 1
"d:\CNG491ERG\EndlessRunnerGame\CodeCoverage\Report\badge_shieldsio_linecoverage_lightgrey.svg", "XML", 0, 1, 0, 0, 0, 0, 0, 0, 0, 0, 0, 0, 1
"d:\CNG491ERG\EndlessRunnerGame\CodeCoverage\Report\badge_shieldsio_linecoverage_orange.svg", "XML", 0, 1, 0, 0, 0, 0, 0, 0, 0, 0, 0, 0, 1
"d:\CNG491ERG\EndlessRunnerGame\CodeCoverage\Report\badge_shieldsio_linecoverage_red.svg", "XML", 0, 1, 0, 0, 0, 0, 0, 0, 0, 0, 0, 0, 1
"d:\CNG491ERG\EndlessRunnerGame\CodeCoverage\Report\badge_shieldsio_linecoverage_yellow.svg", "XML", 0, 1, 0, 0, 0, 0, 0, 0, 0, 0, 0, 0, 1
"d:\CNG491ERG\EndlessRunnerGame\CodeCoverage\Report\badge_shieldsio_linecoverage_yellowgreen.svg", "XML", 0, 1, 0, 0, 0, 0, 0, 0, 0, 0, 0, 0, 1
"d:\CNG491ERG\EndlessRunnerGame\CodeCoverage\Report\class.js", "JavaScript", 0, 0, 0, 0, 0, 0, 173, 0, 0, 0, 13, 35, 221
"d:\CNG491ERG\EndlessRunnerGame\CodeCoverage\Report\icon_cube.svg", "XML", 0, 2, 0, 0, 0, 0, 0, 0, 0, 0, 0, 0, 2
"d:\CNG491ERG\EndlessRunnerGame\CodeCoverage\Report\icon_cube_dark.svg", "XML", 0, 1, 0, 0, 0, 0, 0, 0, 0, 0, 0, 0, 1
"d:\CNG491ERG\EndlessRunnerGame\CodeCoverage\Report\icon_down-dir_active.svg", "XML", 0, 2, 0, 0, 0, 0, 0, 0, 0, 0, 0, 0, 2
"d:\CNG491ERG\EndlessRunnerGame\CodeCoverage\Report\icon_down-dir_active_dark.svg", "XML", 0, 1, 0, 0, 0, 0, 0, 0, 0, 0, 0, 0, 1
"d:\CNG491ERG\EndlessRunnerGame\CodeCoverage\Report\icon_fork.svg", "XML", 0, 2, 0, 0, 0, 0, 0, 0, 0, 0, 0, 0, 2
"d:\CNG491ERG\EndlessRunnerGame\CodeCoverage\Report\icon_fork_dark.svg", "XML", 0, 1, 0, 0, 0, 0, 0, 0, 0, 0, 0, 0, 1
"d:\CNG491ERG\EndlessRunnerGame\CodeCoverage\Report\icon_info-circled.svg", "XML", 0, 2, 0, 0, 0, 0, 0, 0, 0, 0, 0, 0, 2
"d:\CNG491ERG\EndlessRunnerGame\CodeCoverage\Report\icon_info-circled_dark.svg", "XML", 0, 2, 0, 0, 0, 0, 0, 0, 0, 0, 0, 0, 2
"d:\CNG491ERG\EndlessRunnerGame\CodeCoverage\Report\icon_minus.svg", "XML", 0, 2, 0, 0, 0, 0, 0, 0, 0, 0, 0, 0, 2
"d:\CNG491ERG\EndlessRunnerGame\CodeCoverage\Report\icon_minus_dark.svg", "XML", 0, 1, 0, 0, 0, 0, 0, 0, 0, 0, 0, 0, 1
"d:\CNG491ERG\EndlessRunnerGame\CodeCoverage\Report\icon_plus.svg", "XML", 0, 2, 0, 0, 0, 0, 0, 0, 0, 0, 0, 0, 2
"d:\CNG491ERG\EndlessRunnerGame\CodeCoverage\Report\icon_plus_dark.svg", "XML", 0, 1, 0, 0, 0, 0, 0, 0, 0, 0, 0, 0, 1
"d:\CNG491ERG\EndlessRunnerGame\CodeCoverage\Report\icon_search-minus.svg", "XML", 0, 2, 0, 0, 0, 0, 0, 0, 0, 0, 0, 0, 2
"d:\CNG491ERG\EndlessRunnerGame\CodeCoverage\Report\icon_search-minus_dark.svg", "XML", 0, 1, 0, 0, 0, 0, 0, 0, 0, 0, 0, 0, 1
"d:\CNG491ERG\EndlessRunnerGame\CodeCoverage\Report\icon_search-plus.svg", "XML", 0, 2, 0, 0, 0, 0, 0, 0, 0, 0, 0, 0, 2
"d:\CNG491ERG\EndlessRunnerGame\CodeCoverage\Report\icon_search-plus_dark.svg", "XML", 0, 1, 0, 0, 0, 0, 0, 0, 0, 0, 0, 0, 1
"d:\CNG491ERG\EndlessRunnerGame\CodeCoverage\Report\icon_sponsor.svg", "XML", 0, 2, 0, 0, 0, 0, 0, 0, 0, 0, 0, 0, 2
"d:\CNG491ERG\EndlessRunnerGame\CodeCoverage\Report\icon_star.svg", "XML", 0, 2, 0, 0, 0, 0, 0, 0, 0, 0, 0, 0, 2
"d:\CNG491ERG\EndlessRunnerGame\CodeCoverage\Report\icon_star_dark.svg", "XML", 0, 2, 0, 0, 0, 0, 0, 0, 0, 0, 0, 0, 2
"d:\CNG491ERG\EndlessRunnerGame\CodeCoverage\Report\icon_up-dir.svg", "XML", 0, 2, 0, 0, 0, 0, 0, 0, 0, 0, 0, 0, 2
"d:\CNG491ERG\EndlessRunnerGame\CodeCoverage\Report\icon_up-dir_active.svg", "XML", 0, 2, 0, 0, 0, 0, 0, 0, 0, 0, 0, 0, 2
"d:\CNG491ERG\EndlessRunnerGame\CodeCoverage\Report\icon_wrench.svg", "XML", 0, 2, 0, 0, 0, 0, 0, 0, 0, 0, 0, 0, 2
"d:\CNG491ERG\EndlessRunnerGame\CodeCoverage\Report\icon_wrench_dark.svg", "XML", 0, 1, 0, 0, 0, 0, 0, 0, 0, 0, 0, 0, 1
"d:\CNG491ERG\EndlessRunnerGame\CodeCoverage\Report\index.htm", "HTML", 0, 0, 136, 0, 0, 0, 0, 0, 0, 0, 0, 8, 144
"d:\CNG491ERG\EndlessRunnerGame\CodeCoverage\Report\index.html", "HTML", 0, 0, 136, 0, 0, 0, 0, 0, 0, 0, 0, 8, 144
"d:\CNG491ERG\EndlessRunnerGame\CodeCoverage\Report\main.js", "JavaScript", 0, 0, 0, 0, 0, 0, 267, 0, 0, 0, 13, 45, 325
"d:\CNG491ERG\EndlessRunnerGame\CodeCoverage\Report\report.css", "CSS", 0, 0, 0, 0, 0, 0, 0, 0, 504, 0, 0, 64, 568
"d:\CNG491ERG\EndlessRunnerGame\Packages\manifest.json", "JSON", 0, 0, 0, 0, 46, 0, 0, 0, 0, 0, 0, 1, 47
"d:\CNG491ERG\EndlessRunnerGame\Packages\packages-lock.json", "JSON", 0, 0, 0, 0, 518, 0, 0, 0, 0, 0, 0, 1, 519
"d:\CNG491ERG\EndlessRunnerGame\README.md", "Markdown", 0, 0, 0, 0, 0, 0, 0, 0, 0, 2, 0, 1, 3
"d:\CNG491ERG\EndlessRunnerGame\TrainingResults\results\AutoInputHandler\Boss\Boss-1699830.pt", "XML", 0, 13711, 0, 0, 0, 0, 0, 0, 0, 0, 0, 57, 13768
"d:\CNG491ERG\EndlessRunnerGame\TrainingResults\results\AutoInputHandler\Boss\Boss-1799844.pt", "XML", 0, 13762, 0, 0, 0, 0, 0, 0, 0, 0, 0, 57, 13819
"d:\CNG491ERG\EndlessRunnerGame\TrainingResults\results\AutoInputHandler\Boss\Boss-1899981.pt", "XML", 0, 13856, 0, 0, 0, 0, 0, 0, 0, 0, 0, 56, 13912
"d:\CNG491ERG\EndlessRunnerGame\TrainingResults\results\AutoInputHandler\Boss\Boss-1999979.pt", "XML", 0, 14204, 0, 0, 0, 0, 0, 0, 0, 0, 0, 51, 14255
"d:\CNG491ERG\EndlessRunnerGame\TrainingResults\results\AutoInputHandler\Boss\Boss-2000149.pt", "XML", 0, 14204, 0, 0, 0, 0, 0, 0, 0, 0, 0, 51, 14255
"d:\CNG491ERG\EndlessRunnerGame\TrainingResults\results\AutoInputHandler\Boss\checkpoint.pt", "XML", 0, 14203, 0, 0, 0, 0, 0, 0, 0, 0, 0, 51, 14254
"d:\CNG491ERG\EndlessRunnerGame\TrainingResults\results\AutoInputHandler\configuration.yaml", "YAML", 0, 0, 0, 0, 0, 0, 0, 78, 0, 0, 0, 1, 79
"d:\CNG491ERG\EndlessRunnerGame\TrainingResults\results\AutoInputHandler\run_logs\timers.json", "JSON", 0, 0, 0, 0, 335, 0, 0, 0, 0, 0, 0, 0, 335
"d:\CNG491ERG\EndlessRunnerGame\TrainingResults\results\AutoInputHandler\run_logs\training_status.json", "JSON", 0, 0, 0, 0, 65, 0, 0, 0, 0, 0, 0, 0, 65
"d:\CNG491ERG\EndlessRunnerGame\TrainingResults\results\RandomInputHandler\Boss\Boss-1699876.pt", "XML", 0, 13927, 0, 0, 0, 0, 0, 0, 0, 0, 0, 70, 13997
"d:\CNG491ERG\EndlessRunnerGame\TrainingResults\results\RandomInputHandler\Boss\Boss-1799870.pt", "XML", 0, 13985, 0, 0, 0, 0, 0, 0, 0, 0, 0, 59, 14044
"d:\CNG491ERG\EndlessRunnerGame\TrainingResults\results\RandomInputHandler\Boss\Boss-1899998.pt", "XML", 0, 13964, 0, 0, 0, 0, 0, 0, 0, 0, 0, 50, 14014
"d:\CNG491ERG\EndlessRunnerGame\TrainingResults\results\RandomInputHandler\Boss\Boss-1999893.pt", "XML", 0, 14112, 0, 0, 0, 0, 0, 0, 0, 0, 0, 55, 14167
"d:\CNG491ERG\EndlessRunnerGame\TrainingResults\results\RandomInputHandler\Boss\Boss-2000081.pt", "XML", 0, 14112, 0, 0, 0, 0, 0, 0, 0, 0, 0, 55, 14167
"d:\CNG491ERG\EndlessRunnerGame\TrainingResults\results\RandomInputHandler\Boss\checkpoint.pt", "XML", 0, 14111, 0, 0, 0, 0, 0, 0, 0, 0, 0, 55, 14166
"d:\CNG491ERG\EndlessRunnerGame\TrainingResults\results\RandomInputHandler\configuration.yaml", "YAML", 0, 0, 0, 0, 0, 0, 0, 78, 0, 0, 0, 1, 79
"d:\CNG491ERG\EndlessRunnerGame\TrainingResults\results\RandomInputHandler\run_logs\timers.json", "JSON", 0, 0, 0, 0, 335, 0, 0, 0, 0, 0, 0, 0, 335
"d:\CNG491ERG\EndlessRunnerGame\TrainingResults\results\RandomInputHandler\run_logs\training_status.json", "JSON", 0, 0, 0, 0, 65, 0, 0, 0, 0, 0, 0, 0, 65
"d:\CNG491ERG\EndlessRunnerGame\TrainingResults\results\fuckthisshit\Boss\Boss-0.pt", "XML", 0, 13610, 0, 0, 0, 0, 0, 0, 0, 0, 0, 40, 13650
"d:\CNG491ERG\EndlessRunnerGame\TrainingResults\results\fuckthisshit\Boss\checkpoint.pt", "XML", 0, 13590, 0, 0, 0, 0, 0, 0, 0, 0, 0, 40, 13630
"d:\CNG491ERG\EndlessRunnerGame\TrainingResults\results\fuckthisshit\Player\Player-93965.pt", "XML", 0, 30719, 0, 0, 0, 0, 0, 0, 0, 0, 0, 126, 30845
"d:\CNG491ERG\EndlessRunnerGame\TrainingResults\results\fuckthisshit\Player\checkpoint.pt", "XML", 0, 30717, 0, 0, 0, 0, 0, 0, 0, 0, 0, 126, 30843
"d:\CNG491ERG\EndlessRunnerGame\TrainingResults\results\fuckthisshit\configuration.yaml", "YAML", 0, 0, 0, 0, 0, 0, 0, 178, 0, 0, 0, 1, 179
"d:\CNG491ERG\EndlessRunnerGame\TrainingResults\results\fuckthisshit\run_logs\timers.json", "JSON", 0, 0, 0, 0, 178, 0, 0, 0, 0, 0, 0, 0, 178
"d:\CNG491ERG\EndlessRunnerGame\TrainingResults\results\fuckthisshit\run_logs\training_status.json", "JSON", 0, 0, 0, 0, 53, 0, 0, 0, 0, 0, 0, 0, 53
"d:\CNG491ERG\EndlessRunnerGame\TrainingResults\results\regulartrainig\Boss\Boss-1570.pt", "XML", 0, 4906, 0, 0, 0, 0, 0, 0, 0, 0, 0, 21, 4927
"d:\CNG491ERG\EndlessRunnerGame\TrainingResults\results\regulartrainig\Boss\checkpoint.pt", "XML", 0, 4906, 0, 0, 0, 0, 0, 0, 0, 0, 0, 21, 4927
"d:\CNG491ERG\EndlessRunnerGame\TrainingResults\results\regulartrainig\configuration.yaml", "YAML", 0, 0, 0, 0, 0, 0, 0, 78, 0, 0, 0, 1, 79
"d:\CNG491ERG\EndlessRunnerGame\TrainingResults\results\regulartrainig\run_logs\timers.json", "JSON", 0, 0, 0, 0, 167, 0, 0, 0, 0, 0, 0, 0, 167
"d:\CNG491ERG\EndlessRunnerGame\TrainingResults\results\regulartrainig\run_logs\training_status.json", "JSON", 0, 0, 0, 0, 29, 0, 0, 0, 0, 0, 0, 0, 29
"d:\CNG491ERG\EndlessRunnerGame\TrainingYAML\Boss.yaml", "YAML", 0, 0, 0, 0, 0, 0, 0, 29, 0, 0, 0, 1, 30
"d:\CNG491ERG\EndlessRunnerGame\TrainingYAML\BossAndPlayer.yaml", "YAML", 0, 0, 0, 0, 0, 0, 0, 65, 0, 0, 0, 1, 66
"d:\CNG491ERG\EndlessRunnerGame\TrainingYAML\BossPlayerImitation.yaml", "YAML", 0, 0, 0, 0, 0, 0, 0, 79, 0, 0, 0, 1, 80
"d:\CNG491ERG\EndlessRunnerGame\trainingYML\results\ppo\Boss\Boss-1099593.pt", "XML", 0, 25640, 0, 0, 0, 0, 0, 0, 0, 0, 0, 115, 25755
"d:\CNG491ERG\EndlessRunnerGame\trainingYML\results\ppo\Boss\Boss-1199891.pt", "XML", 0, 25330, 0, 0, 0, 0, 0, 0, 0, 0, 0, 99, 25429
"d:\CNG491ERG\EndlessRunnerGame\trainingYML\results\ppo\Boss\Boss-1199997.pt", "XML", 0, 24934, 0, 0, 0, 0, 0, 0, 0, 0, 0, 94, 25028
"d:\CNG491ERG\EndlessRunnerGame\trainingYML\results\ppo\Boss\Boss-1299595.pt", "XML", 0, 24971, 0, 0, 0, 0, 0, 0, 0, 0, 0, 128, 25099
"d:\CNG491ERG\EndlessRunnerGame\trainingYML\results\ppo\Boss\Boss-1299841.pt", "XML", 0, 25130, 0, 0, 0, 0, 0, 0, 0, 0, 0, 135, 25265
"d:\CNG491ERG\EndlessRunnerGame\trainingYML\results\ppo\Boss\Boss-1309575.pt", "XML", 0, 24971, 0, 0, 0, 0, 0, 0, 0, 0, 0, 128, 25099
"d:\CNG491ERG\EndlessRunnerGame\trainingYML\results\ppo\Boss\Boss-1399709.pt", "XML", 0, 25437, 0, 0, 0, 0, 0, 0, 0, 0, 0, 109, 25546
"d:\CNG491ERG\EndlessRunnerGame\trainingYML\results\ppo\Boss\Boss-1499813.pt", "XML", 0, 24956, 0, 0, 0, 0, 0, 0, 0, 0, 0, 115, 25071
"d:\CNG491ERG\EndlessRunnerGame\trainingYML\results\ppo\Boss\Boss-1499825.pt", "XML", 0, 25322, 0, 0, 0, 0, 0, 0, 0, 0, 0, 108, 25430
"d:\CNG491ERG\EndlessRunnerGame\trainingYML\results\ppo\Boss\Boss-1564421.pt", "XML", 0, 25717, 0, 0, 0, 0, 0, 0, 0, 0, 0, 124, 25841
"d:\CNG491ERG\EndlessRunnerGame\trainingYML\results\ppo\Boss\Boss-1599843.pt", "XML", 0, 24971, 0, 0, 0, 0, 0, 0, 0, 0, 0, 107, 25078
"d:\CNG491ERG\EndlessRunnerGame\trainingYML\results\ppo\Boss\Boss-16009.pt", "XML", 0, 8018, 0, 0, 0, 0, 0, 0, 0, 0, 0, 35, 8053
"d:\CNG491ERG\EndlessRunnerGame\trainingYML\results\ppo\Boss\Boss-1699891.pt", "XML", 0, 24971, 0, 0, 0, 0, 0, 0, 0, 0, 0, 107, 25078
"d:\CNG491ERG\EndlessRunnerGame\trainingYML\results\ppo\Boss\Boss-1799795.pt", "XML", 0, 25599, 0, 0, 0, 0, 0, 0, 0, 0, 0, 117, 25716
"d:\CNG491ERG\EndlessRunnerGame\trainingYML\results\ppo\Boss\Boss-1881996.pt", "XML", 0, 25599, 0, 0, 0, 0, 0, 0, 0, 0, 0, 117, 25716
"d:\CNG491ERG\EndlessRunnerGame\trainingYML\results\ppo\Boss\Boss-3392.pt", "XML", 0, 8098, 0, 0, 0, 0, 0, 0, 0, 0, 0, 36, 8134
"d:\CNG491ERG\EndlessRunnerGame\trainingYML\results\ppo\Boss\Boss-4126.pt", "XML", 0, 8206, 0, 0, 0, 0, 0, 0, 0, 0, 0, 35, 8241
"d:\CNG491ERG\EndlessRunnerGame\trainingYML\results\ppo\Boss\Boss-5699991.pt", "XML", 0, 29206, 0, 0, 0, 0, 0, 0, 0, 0, 0, 135, 29341
"d:\CNG491ERG\EndlessRunnerGame\trainingYML\results\ppo\Boss\Boss-5799974.pt", "XML", 0, 29459, 0, 0, 0, 0, 0, 0, 0, 0, 0, 172, 29631
"d:\CNG491ERG\EndlessRunnerGame\trainingYML\results\ppo\Boss\Boss-5899884.pt", "XML", 0, 30291, 0, 0, 0, 0, 0, 0, 0, 0, 0, 189, 30480
"d:\CNG491ERG\EndlessRunnerGame\trainingYML\results\ppo\Boss\Boss-5999906.pt", "XML", 0, 29863, 0, 0, 0, 0, 0, 0, 0, 0, 0, 179, 30042
"d:\CNG491ERG\EndlessRunnerGame\trainingYML\results\ppo\Boss\Boss-6000020.pt", "XML", 0, 29863, 0, 0, 0, 0, 0, 0, 0, 0, 0, 179, 30042
"d:\CNG491ERG\EndlessRunnerGame\trainingYML\results\ppo\Boss\Boss-6149.pt", "XML", 0, 8208, 0, 0, 0, 0, 0, 0, 0, 0, 0, 43, 8251
"d:\CNG491ERG\EndlessRunnerGame\trainingYML\results\ppo\Boss\Boss-76524.pt", "XML", 0, 24374, 0, 0, 0, 0, 0, 0, 0, 0, 0, 112, 24486
"d:\CNG491ERG\EndlessRunnerGame\trainingYML\results\ppo\Boss\Boss-8945.pt", "XML", 0, 8234, 0, 0, 0, 0, 0, 0, 0, 0, 0, 29, 8263
"d:\CNG491ERG\EndlessRunnerGame\trainingYML\results\ppo\Boss\Boss-999861.pt", "XML", 0, 25647, 0, 0, 0, 0, 0, 0, 0, 0, 0, 114, 25761
"Total", "-", 6019, 918771, 5197, 188, 2394, 2338, 440, 714, 504, 56, 824, 6227, 943672